<?xml version="1.0" encoding="UTF-8"?>
<project-private xmlns="http://www.netbeans.org/ns/project-private/1">
    <editor-bookmarks xmlns="http://www.netbeans.org/ns/editor-bookmarks/2" lastBookmarkId="0"/>
    <open-files xmlns="http://www.netbeans.org/ns/projectui-open-files/2">
        <group>
            <file>file:/Users/AbelardoAndrade/Desktop/estudos/faculdade/engenharia/programacao/a3/a3PsC/src/ConexaoSQLite.java</file>
            <file>file:/Users/AbelardoAndrade/Desktop/estudos/faculdade/engenharia/programacao/a3/a3PsC/src/A3PsC.java</file>
            <file>file:/Users/AbelardoAndrade/Desktop/estudos/faculdade/engenharia/programacao/a3/a3PsC/src/campoPesquisa.java</file>
            <file>file:/Users/AbelardoAndrade/Desktop/estudos/faculdade/engenharia/programacao/a3/a3PsC/src/TelaLogin.java</file>
            <file>file:/Users/AbelardoAndrade/Desktop/estudos/faculdade/engenharia/programacao/a3/a3PsC/src/TelaAdicionarCliente.java</file>
            <file>file:/Users/AbelardoAndrade/Desktop/estudos/faculdade/engenharia/programacao/a3/a3PsC/src/TelaVenda.java</file>
            <file>file:/Users/AbelardoAndrade/Desktop/estudos/faculdade/engenharia/programacao/a3/a3PsC/src/TelaMenu.java</file>
            <file>file:/Users/AbelardoAndrade/Desktop/estudos/faculdade/engenharia/programacao/a3/a3PsC/src/TelaCriarUsuario.java</file>
        </group>
    </open-files>
</project-private>
